<?xml version="1.0" encoding="UTF-8"?>
<OAI-PMH xmlns="http://www.openarchives.org/OAI/2.0/"
         xmlns:xsi="http://www.w3.org/2001/XMLSchema-instance"
         xsi:schemaLocation="http://www.openarchives.org/OAI/2.0/
                             http://www.openarchives.org/OAI/2.0/OAI-PMH.xsd">
  <responseDate>2024-06-19T22:35:18Z</responseDate>
  <request verb="ListRecords" resumptionToken="X530430488/232">http://localhost:8080/oaiprovider/</request>
<ListRecords>
<record>
  <header>
    <identifier>oai:repos.ids-mannheim.de:clarin-ids:DH--6.DH--.cmdi</identifier>
    <datestamp>2021-01-12T16:46:48Z</datestamp>
  </header>
  <metadata>

<oai_dc:dc xmlns:oai_dc="http://www.openarchives.org/OAI/2.0/oai_dc/" xmlns:dc="http://purl.org/dc/elements/1.1/" xmlns:xsi="http://www.w3.org/2001/XMLSchema-instance" xsi:schemaLocation="http://www.openarchives.org/OAI/2.0/oai_dc/ http://www.openarchives.org/OAI/2.0/oai_dc.xsd">
  <dc:title xml:lang="deu">Variation des gesprochenen Deutsch - Spracherhebungsprojekt Deutsch heute</dc:title>
  <dc:subject xml:lang="deu">Gesprochene Sprache</dc:subject>
  <dc:subject xml:lang="deu">Sprachvariation</dc:subject>
  <dc:subject xml:lang="deu">Standardsprache</dc:subject>
  <dc:subject xml:lang="deu">Gebrauchsstandard</dc:subject>
  <dc:subject xml:lang="deu">Alltagssprache</dc:subject>
  <dc:identifier>clarin-ids:DH--6.DH--.cmdi</dc:identifier>
  <dc:identifier>http://hdl.handle.net/10932/00-0439-7215-B153-7801-F</dc:identifier>
  <dc:language xml:lang="deu">Deutsch</dc:language>
</oai_dc:dc>
  </metadata>
</record>
<resumptionToken cursor="232">X530430488/233</resumptionToken>
</ListRecords>
</OAI-PMH>
