<?xml version="1.0" encoding="UTF-8"?>
<OAI-PMH xmlns="http://www.openarchives.org/OAI/2.0/"
         xmlns:xsi="http://www.w3.org/2001/XMLSchema-instance"
         xsi:schemaLocation="http://www.openarchives.org/OAI/2.0/
                             http://www.openarchives.org/OAI/2.0/OAI-PMH.xsd">
  <responseDate>2024-06-19T22:37:30Z</responseDate>
  <request verb="ListRecords" resumptionToken="X530430488/495">http://localhost:8080/oaiprovider/</request>
<ListRecords>
<record>
  <header>
    <identifier>oai:repos.ids-mannheim.de:clarin-ids:DR--3.DR--_E_00012.cmdi</identifier>
    <datestamp>2021-01-12T16:46:50Z</datestamp>
  </header>
  <metadata>

<oai_dc:dc xmlns:oai_dc="http://www.openarchives.org/OAI/2.0/oai_dc/" xmlns:dc="http://purl.org/dc/elements/1.1/" xmlns:xsi="http://www.w3.org/2001/XMLSchema-instance" xsi:schemaLocation="http://www.openarchives.org/OAI/2.0/oai_dc/ http://www.openarchives.org/OAI/2.0/oai_dc.xsd">
  <dc:title xml:lang="deu">Tonbandaufnahmen der deutschen Mundarten in der Deutschen Demokratischen Republik</dc:title>
  <dc:identifier>clarin-ids:DR--3.DR--_E_00012.cmdi</dc:identifier>
  <dc:identifier>http://hdl.handle.net/10932/00-0372-2DB7-F760-7801-6</dc:identifier>
</oai_dc:dc>
  </metadata>
</record>
<resumptionToken cursor="495">X530430488/496</resumptionToken>
</ListRecords>
</OAI-PMH>
