<?xml version="1.0" encoding="UTF-8"?>
<OAI-PMH xmlns="http://www.openarchives.org/OAI/2.0/"
         xmlns:xsi="http://www.w3.org/2001/XMLSchema-instance"
         xsi:schemaLocation="http://www.openarchives.org/OAI/2.0/
                             http://www.openarchives.org/OAI/2.0/OAI-PMH.xsd">
  <responseDate>2024-06-19T22:37:24Z</responseDate>
  <request verb="ListRecords" resumptionToken="X530430488/483">http://localhost:8080/oaiprovider/</request>
<ListRecords>
<record>
  <header>
    <identifier>oai:repos.ids-mannheim.de:clarin-ids:DR--3.DR--.cmdi</identifier>
    <datestamp>2021-01-12T16:46:50Z</datestamp>
  </header>
  <metadata>

<oai_dc:dc xmlns:oai_dc="http://www.openarchives.org/OAI/2.0/oai_dc/" xmlns:dc="http://purl.org/dc/elements/1.1/" xmlns:xsi="http://www.w3.org/2001/XMLSchema-instance" xsi:schemaLocation="http://www.openarchives.org/OAI/2.0/oai_dc/ http://www.openarchives.org/OAI/2.0/oai_dc.xsd">
  <dc:title xml:lang="deu">Tonbandaufnahmen der deutschen Mundarten in der Deutschen Demokratischen Republik</dc:title>
  <dc:subject xml:lang="deu">gesprochene deutsche Sprache</dc:subject>
  <dc:subject xml:lang="deu">Dialekt</dc:subject>
  <dc:subject xml:lang="deu">Umgangssprache</dc:subject>
  <dc:subject xml:lang="deu">Standardsprache</dc:subject>
  <dc:subject xml:lang="deu">DDR</dc:subject>
  <dc:subject xml:lang="deu">ehemals deutsche Ostgebiete</dc:subject>
  <dc:subject xml:lang="deu">Tonaufnahme</dc:subject>
  <dc:subject xml:lang="deu">Transkript</dc:subject>
  <dc:subject xml:lang="deu">Themenliste</dc:subject>
  <dc:subject xml:lang="deu">Liste der sprachlichen Besonderheiten</dc:subject>
  <dc:subject xml:lang="deu">Liste der Berufe der Sprecher</dc:subject>
  <dc:subject xml:lang="deu">Vergleichstext</dc:subject>
  <dc:subject xml:lang="deu">Wortliste</dc:subject>
  <dc:subject xml:lang="deu">Lemmaliste</dc:subject>
  <dc:subject xml:lang="deu">Informationen über die Transkription sächsischer Aufnahmen</dc:subject>
  <dc:identifier>clarin-ids:DR--3.DR--.cmdi</dc:identifier>
  <dc:identifier>http://hdl.handle.net/10932/00-0372-2DB6-34F0-6C01-4</dc:identifier>
  <dc:language xml:lang="deu">Deutsch</dc:language>
  <dc:language xml:lang="deu">Sorbisch</dc:language>
</oai_dc:dc>
  </metadata>
</record>
<resumptionToken cursor="483">X530430488/484</resumptionToken>
</ListRecords>
</OAI-PMH>
