<?xml version="1.0" encoding="UTF-8"?>
<OAI-PMH xmlns="http://www.openarchives.org/OAI/2.0/"
         xmlns:xsi="http://www.w3.org/2001/XMLSchema-instance"
         xsi:schemaLocation="http://www.openarchives.org/OAI/2.0/
                             http://www.openarchives.org/OAI/2.0/OAI-PMH.xsd">
  <responseDate>2024-06-19T22:35:52Z</responseDate>
  <request verb="ListRecords" resumptionToken="X530430488/299">http://localhost:8080/oaiprovider/</request>
<ListRecords>
<record>
  <header>
    <identifier>oai:repos.ids-mannheim.de:clarin-ids:DH--6.DH--_E_00067.cmdi</identifier>
    <datestamp>2021-01-12T16:46:49Z</datestamp>
  </header>
  <metadata>

<oai_dc:dc xmlns:oai_dc="http://www.openarchives.org/OAI/2.0/oai_dc/" xmlns:dc="http://purl.org/dc/elements/1.1/" xmlns:xsi="http://www.w3.org/2001/XMLSchema-instance" xsi:schemaLocation="http://www.openarchives.org/OAI/2.0/oai_dc/ http://www.openarchives.org/OAI/2.0/oai_dc.xsd">
  <dc:title xml:lang="deu">IDS-Projekt Variation des gesprochenen Deutsch-Spracherhebung Deutsch heute</dc:title>
  <dc:identifier>clarin-ids:DH--6.DH--_E_00067.cmdi</dc:identifier>
  <dc:identifier>http://hdl.handle.net/10932/00-0439-7219-DD43-BB01-1</dc:identifier>
</oai_dc:dc>
  </metadata>
</record>
<resumptionToken cursor="299">X530430488/300</resumptionToken>
</ListRecords>
</OAI-PMH>
