<?xml version="1.0" encoding="UTF-8"?>
<OAI-PMH xmlns="http://www.openarchives.org/OAI/2.0/"
         xmlns:xsi="http://www.w3.org/2001/XMLSchema-instance"
         xsi:schemaLocation="http://www.openarchives.org/OAI/2.0/
                             http://www.openarchives.org/OAI/2.0/OAI-PMH.xsd">
  <responseDate>2024-06-19T22:35:13Z</responseDate>
  <request verb="ListRecords" resumptionToken="X530430488/221">http://localhost:8080/oaiprovider/</request>
<ListRecords>
<record>
  <header>
    <identifier>oai:repos.ids-mannheim.de:clarin-ids:BETV5.BETV.cmdi</identifier>
    <datestamp>2021-01-12T16:46:48Z</datestamp>
  </header>
  <metadata>

<oai_dc:dc xmlns:oai_dc="http://www.openarchives.org/OAI/2.0/oai_dc/" xmlns:dc="http://purl.org/dc/elements/1.1/" xmlns:xsi="http://www.w3.org/2001/XMLSchema-instance" xsi:schemaLocation="http://www.openarchives.org/OAI/2.0/oai_dc/ http://www.openarchives.org/OAI/2.0/oai_dc.xsd">
  <dc:title xml:lang="deu">Archiv für Gesprochenes Deutsch</dc:title>
  <dc:subject xml:lang="deu">gesprochene deutsche Sprache</dc:subject>
  <dc:subject xml:lang="deu">öffentliche Interaktion</dc:subject>
  <dc:subject xml:lang="deu">Tonaufnahme</dc:subject>
  <dc:subject xml:lang="deu">Videoaufnahme</dc:subject>
  <dc:subject xml:lang="deu">Transkript</dc:subject>
  <dc:subject xml:lang="deu">Wortliste</dc:subject>
  <dc:subject xml:lang="deu">Lemmaliste</dc:subject>
  <dc:identifier>clarin-ids:BETV5.BETV.cmdi</dc:identifier>
  <dc:identifier>http://hdl.handle.net/10932/00-03FA-9CAE-57B3-8301-0</dc:identifier>
  <dc:language xml:lang="deu">Deutsch</dc:language>
</oai_dc:dc>
  </metadata>
</record>
<resumptionToken cursor="221">X530430488/222</resumptionToken>
</ListRecords>
</OAI-PMH>
