<?xml version="1.0" encoding="UTF-8"?>
<OAI-PMH xmlns="http://www.openarchives.org/OAI/2.0/"
         xmlns:xsi="http://www.w3.org/2001/XMLSchema-instance"
         xsi:schemaLocation="http://www.openarchives.org/OAI/2.0/
                             http://www.openarchives.org/OAI/2.0/OAI-PMH.xsd">
  <responseDate>2024-06-19T22:33:31Z</responseDate>
  <request verb="ListRecords" resumptionToken="X530430488/20">http://localhost:8080/oaiprovider/</request>
<ListRecords>
<record>
  <header>
    <identifier>oai:repos.ids-mannheim.de:clarin-ids:AD--4.AD--.cmdi</identifier>
    <datestamp>2021-01-12T16:46:46Z</datestamp>
  </header>
  <metadata>

<oai_dc:dc xmlns:oai_dc="http://www.openarchives.org/OAI/2.0/oai_dc/" xmlns:dc="http://purl.org/dc/elements/1.1/" xmlns:xsi="http://www.w3.org/2001/XMLSchema-instance" xsi:schemaLocation="http://www.openarchives.org/OAI/2.0/oai_dc/ http://www.openarchives.org/OAI/2.0/oai_dc.xsd">
  <dc:title xml:lang="deu">Monash Corpus of Australian German</dc:title>
  <dc:subject xml:lang="deu">gesprochene deutsche Sprache</dc:subject>
  <dc:subject xml:lang="deu">Dialekt</dc:subject>
  <dc:subject xml:lang="deu">Sprachinsel</dc:subject>
  <dc:subject xml:lang="deu">Australien</dc:subject>
  <dc:subject xml:lang="deu">Tonaufnahme</dc:subject>
  <dc:subject xml:lang="deu">Transkript</dc:subject>
  <dc:subject xml:lang="deu">Wortliste</dc:subject>
  <dc:subject xml:lang="deu">Lemmaliste</dc:subject>
  <dc:identifier>clarin-ids:AD--4.AD--.cmdi</dc:identifier>
  <dc:identifier>http://hdl.handle.net/10932/00-03BC-7338-01E0-6701-2</dc:identifier>
  <dc:language xml:lang="deu">Deutsch</dc:language>
  <dc:language xml:lang="deu">Englisch</dc:language>
</oai_dc:dc>
  </metadata>
</record>
<resumptionToken cursor="20">X530430488/21</resumptionToken>
</ListRecords>
</OAI-PMH>
