<?xml version="1.0" encoding="UTF-8"?>
<OAI-PMH xmlns="http://www.openarchives.org/OAI/2.0/"
         xmlns:xsi="http://www.w3.org/2001/XMLSchema-instance"
         xsi:schemaLocation="http://www.openarchives.org/OAI/2.0/
                             http://www.openarchives.org/OAI/2.0/OAI-PMH.xsd">
  <responseDate>2024-06-19T22:34:12Z</responseDate>
  <request verb="ListRecords" resumptionToken="X530430488/100">http://localhost:8080/oaiprovider/</request>
<ListRecords>
<record>
  <header>
    <identifier>oai:repos.ids-mannheim.de:clarin-ids:AD--4.AD--_E_00106.cmdi</identifier>
    <datestamp>2021-01-12T16:46:47Z</datestamp>
  </header>
  <metadata>

<oai_dc:dc xmlns:oai_dc="http://www.openarchives.org/OAI/2.0/oai_dc/" xmlns:dc="http://purl.org/dc/elements/1.1/" xmlns:xsi="http://www.w3.org/2001/XMLSchema-instance" xsi:schemaLocation="http://www.openarchives.org/OAI/2.0/oai_dc/ http://www.openarchives.org/OAI/2.0/oai_dc.xsd">
  <dc:title xml:lang="deu">Monash Corpus of Australian German</dc:title>
  <dc:identifier>clarin-ids:AD--4.AD--_E_00106.cmdi</dc:identifier>
  <dc:identifier>http://hdl.handle.net/10932/00-03BC-7346-5CD0-CB01-1</dc:identifier>
</oai_dc:dc>
  </metadata>
</record>
<resumptionToken cursor="100">X530430488/101</resumptionToken>
</ListRecords>
</OAI-PMH>
