<?xml version="1.0" encoding="UTF-8"?>
<OAI-PMH xmlns="http://www.openarchives.org/OAI/2.0/"
         xmlns:xsi="http://www.w3.org/2001/XMLSchema-instance"
         xsi:schemaLocation="http://www.openarchives.org/OAI/2.0/
                             http://www.openarchives.org/OAI/2.0/OAI-PMH.xsd">
  <responseDate>2024-06-20T04:10:38Z</responseDate>
  <request verb="ListRecords" resumptionToken="X530430488/40332">http://localhost:8080/oaiprovider/</request>
<ListRecords>
<record>
  <header>
    <identifier>oai:repos.ids-mannheim.de:clarin-ids:zw.ZW--_E_05812.cmdi</identifier>
    <datestamp>2021-01-12T16:53:05Z</datestamp>
  </header>
  <metadata>

<oai_dc:dc xmlns:oai_dc="http://www.openarchives.org/OAI/2.0/oai_dc/" xmlns:dc="http://purl.org/dc/elements/1.1/" xmlns:xsi="http://www.w3.org/2001/XMLSchema-instance" xsi:schemaLocation="http://www.openarchives.org/OAI/2.0/oai_dc/ http://www.openarchives.org/OAI/2.0/oai_dc.xsd">
  <dc:title xml:lang="deu">Geplante Aufnahmeaktion</dc:title>
  <dc:identifier>clarin-ids:zw.ZW--_E_05812.cmdi</dc:identifier>
  <dc:language xml:lang="deu">Deutsch</dc:language>
  <dc:language xml:lang="eng">German</dc:language>
</oai_dc:dc>
  </metadata>
</record>
<resumptionToken cursor="40332">X530430488/40333</resumptionToken>
</ListRecords>
</OAI-PMH>
