<?xml version="1.0" encoding="UTF-8"?>
<OAI-PMH xmlns="http://www.openarchives.org/OAI/2.0/"
         xmlns:xsi="http://www.w3.org/2001/XMLSchema-instance"
         xsi:schemaLocation="http://www.openarchives.org/OAI/2.0/
                             http://www.openarchives.org/OAI/2.0/OAI-PMH.xsd">
  <responseDate>2024-06-20T02:42:27Z</responseDate>
  <request verb="ListRecords" resumptionToken="X530430488/30027">http://localhost:8080/oaiprovider/</request>
<ListRecords>
<record>
  <header>
    <identifier>oai:repos.ids-mannheim.de:clarin-ids:zw--2.ZW--_E_01270.cmdi</identifier>
    <datestamp>2021-01-12T16:51:28Z</datestamp>
  </header>
  <metadata>

<oai_dc:dc xmlns:oai_dc="http://www.openarchives.org/OAI/2.0/oai_dc/" xmlns:dc="http://purl.org/dc/elements/1.1/" xmlns:xsi="http://www.w3.org/2001/XMLSchema-instance" xsi:schemaLocation="http://www.openarchives.org/OAI/2.0/oai_dc/ http://www.openarchives.org/OAI/2.0/oai_dc.xsd">
  <dc:title xml:lang="deu">Schallaufnahmen aller deutschen Mundarten</dc:title>
  <dc:identifier>clarin-ids:zw--2.ZW--_E_01270.cmdi</dc:identifier>
  <dc:identifier>http://hdl.handle.net/10932/00-0332-CEBB-316D-0201-C</dc:identifier>
</oai_dc:dc>
  </metadata>
</record>
<resumptionToken cursor="30027">X530430488/30028</resumptionToken>
</ListRecords>
</OAI-PMH>
