<?xml version="1.0" encoding="UTF-8"?>
<OAI-PMH xmlns="http://www.openarchives.org/OAI/2.0/"
         xmlns:xsi="http://www.w3.org/2001/XMLSchema-instance"
         xsi:schemaLocation="http://www.openarchives.org/OAI/2.0/
                             http://www.openarchives.org/OAI/2.0/OAI-PMH.xsd">
  <responseDate>2024-06-20T01:22:27Z</responseDate>
  <request verb="ListRecords" resumptionToken="X530430488/20409">http://localhost:8080/oaiprovider/</request>
<ListRecords>
<record>
  <header>
    <identifier>oai:repos.ids-mannheim.de:clarin-ids:gewiss.GEWISS_S_MK_0550.cmdi</identifier>
    <datestamp>2021-01-12T16:49:55Z</datestamp>
  </header>
  <metadata>

<oai_dc:dc xmlns:oai_dc="http://www.openarchives.org/OAI/2.0/oai_dc/" xmlns:dc="http://purl.org/dc/elements/1.1/" xmlns:xsi="http://www.w3.org/2001/XMLSchema-instance" xsi:schemaLocation="http://www.openarchives.org/OAI/2.0/oai_dc/ http://www.openarchives.org/OAI/2.0/oai_dc.xsd">
  <dc:title xml:lang="deu">Magdalena Kamińska</dc:title>
  <dc:identifier>clarin-ids:gewiss.GEWISS_S_MK_0550.cmdi</dc:identifier>
  <dc:identifier>GEWISS_S_MK_0550.cmdi</dc:identifier>
  <dc:language xml:lang="deu">Polnisch</dc:language>
  <dc:language xml:lang="eng">Polish</dc:language>
  <dc:language xml:lang="deu">Deutsch</dc:language>
  <dc:language xml:lang="eng">German, Standard</dc:language>
  <dc:language xml:lang="deu">Englisch</dc:language>
  <dc:language xml:lang="eng">English</dc:language>
  <dc:language xml:lang="deu">Italienisch</dc:language>
  <dc:language xml:lang="eng">Italian</dc:language>
</oai_dc:dc>
  </metadata>
</record>
<resumptionToken cursor="20409">X530430488/20410</resumptionToken>
</ListRecords>
</OAI-PMH>
