<?xml version="1.0" encoding="UTF-8"?>
<OAI-PMH xmlns="http://www.openarchives.org/OAI/2.0/"
         xmlns:xsi="http://www.w3.org/2001/XMLSchema-instance"
         xsi:schemaLocation="http://www.openarchives.org/OAI/2.0/
                             http://www.openarchives.org/OAI/2.0/OAI-PMH.xsd">
  <responseDate>2024-06-19T23:57:40Z</responseDate>
  <request verb="ListRecords" resumptionToken="X530430488/10163">http://localhost:8080/oaiprovider/</request>
<ListRecords>
<record>
  <header>
    <identifier>oai:repos.ids-mannheim.de:clarin-ids:ZW--4.ZW--_E_00562.cmdi</identifier>
    <datestamp>2021-01-12T16:48:18Z</datestamp>
  </header>
  <metadata>

<oai_dc:dc xmlns:oai_dc="http://www.openarchives.org/OAI/2.0/oai_dc/" xmlns:dc="http://purl.org/dc/elements/1.1/" xmlns:xsi="http://www.w3.org/2001/XMLSchema-instance" xsi:schemaLocation="http://www.openarchives.org/OAI/2.0/oai_dc/ http://www.openarchives.org/OAI/2.0/oai_dc.xsd">
  <dc:title xml:lang="deu">Schallaufnahmen aller deutschen Mundarten</dc:title>
  <dc:identifier>clarin-ids:ZW--4.ZW--_E_00562.cmdi</dc:identifier>
  <dc:identifier>http://hdl.handle.net/10932/00-03BC-C6CA-C5CF-3201-4</dc:identifier>
</oai_dc:dc>
  </metadata>
</record>
<resumptionToken cursor="10163">X530430488/10164</resumptionToken>
</ListRecords>
</OAI-PMH>
